category,total_revenue,total_orders
Clothing,16345663.54095,30019
Electronics,16165740.58185,29905
Home,16242424.265350001,29956
Sports,16250776.31745,30120
